124,intrinsic_reward,0.026297804905101658
124,extrinsic_reward,0.0
249,intrinsic_reward,0.017705340011045338
249,extrinsic_reward,0.0
374,intrinsic_reward,0.01666338676214218
374,extrinsic_reward,0.0
499,intrinsic_reward,0.016582487520761788
499,extrinsic_reward,0.0
624,intrinsic_reward,0.016204234641976654
624,extrinsic_reward,0.0
749,intrinsic_reward,0.015613554573617875
749,extrinsic_reward,0.0
874,intrinsic_reward,0.01581081945542246
874,extrinsic_reward,0.0
999,intrinsic_reward,0.016195255812257527
999,extrinsic_reward,0.0
1124,intrinsic_reward,0.01608213334158063
1124,extrinsic_reward,0.0
1249,intrinsic_reward,0.015563895096071064
1249,extrinsic_reward,0.0
1374,intrinsic_reward,0.01571378189139068
1374,extrinsic_reward,0.0
1499,intrinsic_reward,0.015812332761473955
1499,extrinsic_reward,0.0
1624,intrinsic_reward,0.015862155780196188
1624,extrinsic_reward,0.0
1749,intrinsic_reward,0.016339212705381214
1749,extrinsic_reward,0.01
1874,intrinsic_reward,0.014657992037013174
1874,extrinsic_reward,0.0
1999,intrinsic_reward,0.014400797369889915
1999,extrinsic_reward,0.0
2124,intrinsic_reward,0.014639487630687655
2124,extrinsic_reward,0.0
2249,intrinsic_reward,0.01332517625950277
2249,extrinsic_reward,0.0
2374,intrinsic_reward,0.014472026872448623
2374,extrinsic_reward,0.0
2499,intrinsic_reward,0.014467001547105611
2499,extrinsic_reward,0.01
2624,intrinsic_reward,0.013934953321702779
2624,extrinsic_reward,0.0
2749,intrinsic_reward,0.01468072068784386
2749,extrinsic_reward,0.02
2874,intrinsic_reward,0.01531109878141433
2874,extrinsic_reward,0.0
2999,intrinsic_reward,0.01466888713464141
2999,extrinsic_reward,0.01
3124,intrinsic_reward,0.014170582627877593
3124,extrinsic_reward,0.0
3249,intrinsic_reward,0.014814827074762433
3249,extrinsic_reward,0.01
3374,intrinsic_reward,0.015008910114876926
3374,extrinsic_reward,0.02
3499,intrinsic_reward,0.014062224136199801
3499,extrinsic_reward,0.0
3624,intrinsic_reward,0.013250390552915632
3624,extrinsic_reward,0.0
3749,intrinsic_reward,0.013908889182843267
3749,extrinsic_reward,0.0
3874,intrinsic_reward,0.015140444713179022
3874,extrinsic_reward,0.0
3999,intrinsic_reward,0.014282897782046347
3999,extrinsic_reward,0.01
4004,q_loss,8.314517066764892e-05
4004,rnd_loss,0.00797229566751048
4124,intrinsic_reward,0.015977117555681618
4124,extrinsic_reward,0.0
4249,intrinsic_reward,0.016544668382499367
4249,extrinsic_reward,0.0
4374,intrinsic_reward,0.01603591225948185
4374,extrinsic_reward,0.0
4499,intrinsic_reward,0.016420337749645113
4499,extrinsic_reward,0.0
4624,intrinsic_reward,0.015292657475452871
4624,extrinsic_reward,0.03
4749,intrinsic_reward,0.015655655042268336
4749,extrinsic_reward,0.0
4874,intrinsic_reward,0.015226500586606562
4874,extrinsic_reward,0.0
4999,intrinsic_reward,0.015550143700558692
4999,extrinsic_reward,0.0
5124,intrinsic_reward,0.016011629601474852
5124,extrinsic_reward,0.0
5249,intrinsic_reward,0.01670496607199311
5249,extrinsic_reward,0.0
5374,intrinsic_reward,0.015792796726338567
5374,extrinsic_reward,0.0
5499,intrinsic_reward,0.0165663472879678
5499,extrinsic_reward,0.01
5624,intrinsic_reward,0.016055012027733028
5624,extrinsic_reward,0.01
5749,intrinsic_reward,0.01530994758894667
5749,extrinsic_reward,0.02
5874,intrinsic_reward,0.014380940719973296
5874,extrinsic_reward,0.01
5999,intrinsic_reward,0.014229721013456584
5999,extrinsic_reward,0.0
6124,intrinsic_reward,0.014664776819758116
6124,extrinsic_reward,0.0
6249,intrinsic_reward,0.013832465914543719
6249,extrinsic_reward,0.0
6374,intrinsic_reward,0.013525957699399441
6374,extrinsic_reward,0.01
6499,intrinsic_reward,0.012809528151992709
6499,extrinsic_reward,0.02
6624,intrinsic_reward,0.012934143060352654
6624,extrinsic_reward,0.0
6749,intrinsic_reward,0.014882802254520357
6749,extrinsic_reward,0.03
6874,intrinsic_reward,0.015360954948700965
6874,extrinsic_reward,0.0
6999,intrinsic_reward,0.015150937917176635
6999,extrinsic_reward,0.01
7124,intrinsic_reward,0.014794294835068285
7124,extrinsic_reward,0.01
7249,intrinsic_reward,0.01539597105793655
7249,extrinsic_reward,0.0
7374,intrinsic_reward,0.015412725184112788
7374,extrinsic_reward,0.01
7499,intrinsic_reward,0.014988415242638439
7499,extrinsic_reward,0.0
7624,intrinsic_reward,0.014466805966570974
7624,extrinsic_reward,0.02
7749,intrinsic_reward,0.013470653257332743
7749,extrinsic_reward,0.0
7874,intrinsic_reward,0.014287640851922334
7874,extrinsic_reward,0.0
7999,intrinsic_reward,0.01479295330028981
7999,extrinsic_reward,0.01
8004,q_loss,8.778614907623705e-05
8004,rnd_loss,0.005993028847966343
8124,intrinsic_reward,0.014210809116251766
8124,extrinsic_reward,0.02
8249,intrinsic_reward,0.013457777249626815
8249,extrinsic_reward,0.01
8374,intrinsic_reward,0.013340946830809117
8374,extrinsic_reward,0.02
8499,intrinsic_reward,0.013468112803529948
8499,extrinsic_reward,0.01
8624,intrinsic_reward,0.013295649665407836
8624,extrinsic_reward,0.01
8749,intrinsic_reward,0.013027920874301345
8749,extrinsic_reward,0.0
8874,intrinsic_reward,0.012866597862448544
8874,extrinsic_reward,0.01
8999,intrinsic_reward,0.01267617171490565
8999,extrinsic_reward,0.01
9124,intrinsic_reward,0.013052576472982764
9124,extrinsic_reward,0.0
9249,intrinsic_reward,0.014188627813011407
9249,extrinsic_reward,0.0
9374,intrinsic_reward,0.01453980637062341
9374,extrinsic_reward,0.01
9499,intrinsic_reward,0.014006771765183657
9499,extrinsic_reward,0.02
9624,intrinsic_reward,0.013583475324790924
9624,extrinsic_reward,0.01
9749,intrinsic_reward,0.013719186530914158
9749,extrinsic_reward,0.02
9874,intrinsic_reward,0.014145330403000117
9874,extrinsic_reward,0.0
9999,intrinsic_reward,0.01347119323303923
9999,extrinsic_reward,0.0
10124,intrinsic_reward,0.013826739673968405
10124,extrinsic_reward,0.0
10249,intrinsic_reward,0.014251433031167835
10249,extrinsic_reward,0.01
10374,intrinsic_reward,0.013832362983841448
10374,extrinsic_reward,0.0
10499,intrinsic_reward,0.013253601003903895
10499,extrinsic_reward,0.0
10624,intrinsic_reward,0.01235428631771356
10624,extrinsic_reward,0.0
10749,intrinsic_reward,0.011611903376877309
10749,extrinsic_reward,0.0
10874,intrinsic_reward,0.013153075048699975
10874,extrinsic_reward,0.01
10999,intrinsic_reward,0.013878980064298958
10999,extrinsic_reward,0.0
11124,intrinsic_reward,0.01309511653566733
11124,extrinsic_reward,0.01
11249,intrinsic_reward,0.013485932680778205
11249,extrinsic_reward,0.05
11374,intrinsic_reward,0.013721356567461044
11374,extrinsic_reward,0.0
11499,intrinsic_reward,0.012970444056205451
11499,extrinsic_reward,0.0
11624,intrinsic_reward,0.01363642224855721
11624,extrinsic_reward,0.02
11749,intrinsic_reward,0.01450628572050482
11749,extrinsic_reward,0.0
11874,intrinsic_reward,0.014171293809544296
11874,extrinsic_reward,0.0
11999,intrinsic_reward,0.014091285539790988
11999,extrinsic_reward,0.0
12004,q_loss,0.0001459284155534988
12004,rnd_loss,0.005531373708043247
12124,intrinsic_reward,0.014026702089235187
12124,extrinsic_reward,0.01
12249,intrinsic_reward,0.01341459215246141
12249,extrinsic_reward,0.02
12374,intrinsic_reward,0.015047716988716275
12374,extrinsic_reward,0.03
12499,intrinsic_reward,0.015778960440307854
12499,extrinsic_reward,0.02
12624,intrinsic_reward,0.015696479531470686
12624,extrinsic_reward,0.0
12749,intrinsic_reward,0.01484743637405336
12749,extrinsic_reward,0.0
12874,intrinsic_reward,0.014310822445433587
12874,extrinsic_reward,0.0
12999,intrinsic_reward,0.013451174591202288
12999,extrinsic_reward,0.0
13124,intrinsic_reward,0.013256174671463668
13124,extrinsic_reward,0.0
13249,intrinsic_reward,0.013864181886427105
13249,extrinsic_reward,0.0
13374,intrinsic_reward,0.014936928416136652
13374,extrinsic_reward,0.01
13499,intrinsic_reward,0.012492747208103538
13499,extrinsic_reward,0.01
13624,intrinsic_reward,0.012232539933174849
13624,extrinsic_reward,0.02
13749,intrinsic_reward,0.012491964796558022
13749,extrinsic_reward,0.02
13874,intrinsic_reward,0.013178775718435645
13874,extrinsic_reward,0.02
13999,intrinsic_reward,0.013974891385994852
13999,extrinsic_reward,0.02
14124,intrinsic_reward,0.015038190893828868
14124,extrinsic_reward,0.01
14249,intrinsic_reward,0.01474002789799124
14249,extrinsic_reward,0.0
14374,intrinsic_reward,0.014397962473798544
14374,extrinsic_reward,0.01
14499,intrinsic_reward,0.014678090672474355
14499,extrinsic_reward,0.0
14624,intrinsic_reward,0.01322578855464235
14624,extrinsic_reward,0.03
14749,intrinsic_reward,0.013757403058931231
14749,extrinsic_reward,0.01
14874,intrinsic_reward,0.014385100741870702
14874,extrinsic_reward,0.0
14999,intrinsic_reward,0.01372999867144972
14999,extrinsic_reward,0.03
15124,intrinsic_reward,0.013037681320216507
15124,extrinsic_reward,0.04
15249,intrinsic_reward,0.013710673216730355
15249,extrinsic_reward,0.01
15374,intrinsic_reward,0.013401819294318556
15374,extrinsic_reward,0.0
15499,intrinsic_reward,0.013865709791891277
15499,extrinsic_reward,0.03
15624,intrinsic_reward,0.014396712106652557
15624,extrinsic_reward,0.0
15749,intrinsic_reward,0.015214433742687106
15749,extrinsic_reward,0.0
15874,intrinsic_reward,0.01320805194741115
15874,extrinsic_reward,0.02
15999,intrinsic_reward,0.012614327331073582
15999,extrinsic_reward,0.0
16004,q_loss,0.00026006067762864406
16004,rnd_loss,0.00524781801737845
16124,intrinsic_reward,0.012350030488334596
16124,extrinsic_reward,0.0
16249,intrinsic_reward,0.013120237203314901
16249,extrinsic_reward,0.05
16374,intrinsic_reward,0.012398907706607133
16374,extrinsic_reward,0.01
16499,intrinsic_reward,0.012813936444930733
16499,extrinsic_reward,0.02
16624,intrinsic_reward,0.012602612039074302
16624,extrinsic_reward,0.01
16749,intrinsic_reward,0.01251964939571917
16749,extrinsic_reward,0.0
16874,intrinsic_reward,0.012032281655352563
16874,extrinsic_reward,0.0
16999,intrinsic_reward,0.012522603987250478
16999,extrinsic_reward,0.03
17124,intrinsic_reward,0.01200813372200355
17124,extrinsic_reward,0.01
17249,intrinsic_reward,0.011767340573482216
17249,extrinsic_reward,0.0
17374,intrinsic_reward,0.011518663884606213
17374,extrinsic_reward,0.01
17499,intrinsic_reward,0.013493018475361168
17499,extrinsic_reward,0.04
17624,intrinsic_reward,0.014147373215761035
17624,extrinsic_reward,0.0
17749,intrinsic_reward,0.014384679333306848
17749,extrinsic_reward,0.01
17874,intrinsic_reward,0.013928674367256463
17874,extrinsic_reward,0.02
17999,intrinsic_reward,0.013651785996742546
17999,extrinsic_reward,0.0
18124,intrinsic_reward,0.01338705120794475
18124,extrinsic_reward,0.03
18249,intrinsic_reward,0.013485785069409758
18249,extrinsic_reward,0.01
18374,intrinsic_reward,0.01274949763994664
18374,extrinsic_reward,0.0
18499,intrinsic_reward,0.013224727308843285
18499,extrinsic_reward,0.02
18624,intrinsic_reward,0.0144277771031484
18624,extrinsic_reward,0.0
18749,intrinsic_reward,0.013235349281691015
18749,extrinsic_reward,0.02
18874,intrinsic_reward,0.013033690421376377
18874,extrinsic_reward,0.0
18999,intrinsic_reward,0.013134863484185189
18999,extrinsic_reward,0.0
19124,intrinsic_reward,0.012475702988449484
19124,extrinsic_reward,0.0
19249,intrinsic_reward,0.010508762423414737
19249,extrinsic_reward,0.01
19374,intrinsic_reward,0.010889333317056299
19374,extrinsic_reward,0.0
19499,intrinsic_reward,0.011269909736700357
19499,extrinsic_reward,0.0
19624,intrinsic_reward,0.011326920310035347
19624,extrinsic_reward,0.0
19749,intrinsic_reward,0.012673281370196491
19749,extrinsic_reward,0.01
19874,intrinsic_reward,0.013812787567265332
19874,extrinsic_reward,0.0
19999,intrinsic_reward,0.01253902844665572
19999,extrinsic_reward,0.03
20004,q_loss,0.0004417929063674819
20004,rnd_loss,0.005086744213476777
20124,intrinsic_reward,0.012066434695851058
20124,extrinsic_reward,0.0
20249,intrinsic_reward,0.011529081512708216
20249,extrinsic_reward,0.0
20374,intrinsic_reward,0.012506566222291439
20374,extrinsic_reward,0.01
20499,intrinsic_reward,0.013106073094066233
20499,extrinsic_reward,0.0
20624,intrinsic_reward,0.012455775888171048
20624,extrinsic_reward,0.0
20749,intrinsic_reward,0.012063913588877767
20749,extrinsic_reward,0.01
20874,intrinsic_reward,0.011959985323715954
20874,extrinsic_reward,0.01
20999,intrinsic_reward,0.012380281208083033
20999,extrinsic_reward,0.0
21124,intrinsic_reward,0.01301598545908928
21124,extrinsic_reward,0.01
21249,intrinsic_reward,0.012803400193341077
21249,extrinsic_reward,0.0
21374,intrinsic_reward,0.013068870847579092
21374,extrinsic_reward,0.01
21499,intrinsic_reward,0.013014111391734333
21499,extrinsic_reward,0.0
21624,intrinsic_reward,0.01266364720184356
21624,extrinsic_reward,0.0
21749,intrinsic_reward,0.012347001907415688
21749,extrinsic_reward,0.0
21874,intrinsic_reward,0.0124913546172902
21874,extrinsic_reward,0.0
21999,intrinsic_reward,0.013386268243659287
21999,extrinsic_reward,0.02
22124,intrinsic_reward,0.013006475842092186
22124,extrinsic_reward,0.01
22249,intrinsic_reward,0.01336483841901645
22249,extrinsic_reward,0.0
22374,intrinsic_reward,0.013454551524482668
22374,extrinsic_reward,0.01
22499,intrinsic_reward,0.01349897327553481
22499,extrinsic_reward,0.0
22624,intrinsic_reward,0.013259364689234644
22624,extrinsic_reward,0.0
22749,intrinsic_reward,0.012639358069747687
22749,extrinsic_reward,0.0
22874,intrinsic_reward,0.012354207303375006
22874,extrinsic_reward,0.0
22999,intrinsic_reward,0.012602179365698248
22999,extrinsic_reward,0.03
23124,intrinsic_reward,0.013181352553889155
23124,extrinsic_reward,0.01
23249,intrinsic_reward,0.01399208135344088
23249,extrinsic_reward,0.02
23374,intrinsic_reward,0.013659970722161234
23374,extrinsic_reward,0.0
23499,intrinsic_reward,0.013800724370870739
23499,extrinsic_reward,0.0
23624,intrinsic_reward,0.013657450335100293
23624,extrinsic_reward,0.0
23749,intrinsic_reward,0.013055346103850752
23749,extrinsic_reward,0.0
23874,intrinsic_reward,0.013412585763260721
23874,extrinsic_reward,0.0
23999,intrinsic_reward,0.013378772478550672
23999,extrinsic_reward,0.0
24004,q_loss,0.0005445800327288453
24004,rnd_loss,0.004915663840249181
24124,intrinsic_reward,0.01153326862771064
24124,extrinsic_reward,0.0
24249,intrinsic_reward,0.01119749213149771
24249,extrinsic_reward,0.0
24374,intrinsic_reward,0.012649091052822768
24374,extrinsic_reward,0.01
24499,intrinsic_reward,0.012359188088681548
24499,extrinsic_reward,0.01
24624,intrinsic_reward,0.01278127548005432
24624,extrinsic_reward,0.0
24749,intrinsic_reward,0.013907383436337113
24749,extrinsic_reward,0.05
24874,intrinsic_reward,0.013865993845742195
24874,extrinsic_reward,0.02
24999,intrinsic_reward,0.014365219653584064
24999,extrinsic_reward,0.0
25124,intrinsic_reward,0.014207391370087861
25124,extrinsic_reward,0.01
25249,intrinsic_reward,0.01408084808010608
25249,extrinsic_reward,0.0
25374,intrinsic_reward,0.014276276910677552
25374,extrinsic_reward,0.01
25499,intrinsic_reward,0.014040182211901992
25499,extrinsic_reward,0.04
25624,intrinsic_reward,0.013055333897005767
25624,extrinsic_reward,0.01
25749,intrinsic_reward,0.012429764048196375
25749,extrinsic_reward,0.0
25874,intrinsic_reward,0.012297498335130512
25874,extrinsic_reward,0.0
25999,intrinsic_reward,0.01196777900494635
25999,extrinsic_reward,0.0
26124,intrinsic_reward,0.012951392463874072
26124,extrinsic_reward,0.0
26249,intrinsic_reward,0.01329700524220243
26249,extrinsic_reward,0.0
26374,intrinsic_reward,0.012444897650275379
26374,extrinsic_reward,0.0
26499,intrinsic_reward,0.012516433753073215
26499,extrinsic_reward,0.0
26624,intrinsic_reward,0.012228728001937271
26624,extrinsic_reward,0.0
26749,intrinsic_reward,0.012442483528982848
26749,extrinsic_reward,0.05
26874,intrinsic_reward,0.012127218185923994
26874,extrinsic_reward,0.03
26999,intrinsic_reward,0.011667302332818508
26999,extrinsic_reward,0.02
27124,intrinsic_reward,0.011545296225696802
27124,extrinsic_reward,0.0
27249,intrinsic_reward,0.01202424089377746
27249,extrinsic_reward,0.0
27374,intrinsic_reward,0.011919903529807926
27374,extrinsic_reward,0.0
27499,intrinsic_reward,0.011906116385944188
27499,extrinsic_reward,0.0
27624,intrinsic_reward,0.011735506952740253
27624,extrinsic_reward,0.0
27749,intrinsic_reward,0.013554654798470438
27749,extrinsic_reward,0.0
27874,intrinsic_reward,0.013485801370814442
27874,extrinsic_reward,0.0
27999,intrinsic_reward,0.01311207446223125
27999,extrinsic_reward,0.0
28004,q_loss,0.0006797823148590396
28004,rnd_loss,0.0045666918377391995
28124,intrinsic_reward,0.012630771128460765
28124,extrinsic_reward,0.0
28249,intrinsic_reward,0.013014114642515779
28249,extrinsic_reward,0.0
28374,intrinsic_reward,0.012695436290465295
28374,extrinsic_reward,0.01
28499,intrinsic_reward,0.0126562719498761
28499,extrinsic_reward,0.0
28624,intrinsic_reward,0.012838807954452932
28624,extrinsic_reward,0.01
28749,intrinsic_reward,0.013234355580061674
28749,extrinsic_reward,0.01
28874,intrinsic_reward,0.014539994031190872
28874,extrinsic_reward,0.05
28999,intrinsic_reward,0.013610431176610292
28999,extrinsic_reward,0.0
29124,intrinsic_reward,0.012863593116868287
29124,extrinsic_reward,0.0
29249,intrinsic_reward,0.01265438654832542
29249,extrinsic_reward,0.0
29374,intrinsic_reward,0.012593447610270233
29374,extrinsic_reward,0.0
29499,intrinsic_reward,0.013040032310876996
29499,extrinsic_reward,0.01
29624,intrinsic_reward,0.012819097112864256
29624,extrinsic_reward,0.0
29749,intrinsic_reward,0.013168447077274322
29749,extrinsic_reward,0.01
29874,intrinsic_reward,0.012641610231250525
29874,extrinsic_reward,0.0
29999,intrinsic_reward,0.012221709386445581
29999,extrinsic_reward,0.0
30124,intrinsic_reward,0.013473905231803656
30124,extrinsic_reward,0.0
30249,intrinsic_reward,0.014031121109612287
30249,extrinsic_reward,0.0
30374,intrinsic_reward,0.01368694381415844
30374,extrinsic_reward,0.0
30499,intrinsic_reward,0.01399703203001991
30499,extrinsic_reward,0.0
30624,intrinsic_reward,0.013439823301043362
30624,extrinsic_reward,0.01
30749,intrinsic_reward,0.01223578028474003
30749,extrinsic_reward,0.0
30874,intrinsic_reward,0.012909925326239318
30874,extrinsic_reward,0.0
30999,intrinsic_reward,0.012734751052688807
30999,extrinsic_reward,0.0
31124,intrinsic_reward,0.012924497976433486
31124,extrinsic_reward,0.0
31249,intrinsic_reward,0.012141766936983912
31249,extrinsic_reward,0.0
31374,intrinsic_reward,0.012406727539841086
31374,extrinsic_reward,0.0
31499,intrinsic_reward,0.012511212924495339
31499,extrinsic_reward,0.0
31624,intrinsic_reward,0.013122018000110983
31624,extrinsic_reward,0.0
31749,intrinsic_reward,0.013823513355106115
31749,extrinsic_reward,0.0
31874,intrinsic_reward,0.013648130686953664
31874,extrinsic_reward,0.02
31999,intrinsic_reward,0.01349686376331374
31999,extrinsic_reward,0.01
32004,q_loss,0.0006980467936118657
32004,rnd_loss,0.004264767962507903
32124,intrinsic_reward,0.013802722004242242
32124,extrinsic_reward,0.0
32249,intrinsic_reward,0.013584366745315492
32249,extrinsic_reward,0.0
32374,intrinsic_reward,0.013444280946161598
32374,extrinsic_reward,0.0
32499,intrinsic_reward,0.013730715520679952
32499,extrinsic_reward,0.0
32624,intrinsic_reward,0.01405176162533462
32624,extrinsic_reward,0.0
32749,intrinsic_reward,0.013686078131198882
32749,extrinsic_reward,0.0
32874,intrinsic_reward,0.013663932442665101
32874,extrinsic_reward,0.0
32999,intrinsic_reward,0.01324912568135187
32999,extrinsic_reward,0.0
33124,intrinsic_reward,0.01398657940607518
33124,extrinsic_reward,0.01
33249,intrinsic_reward,0.01300644956715405
33249,extrinsic_reward,0.0
33374,intrinsic_reward,0.013469334469176829
33374,extrinsic_reward,0.03
33499,intrinsic_reward,0.012723120352253318
33499,extrinsic_reward,0.02
33624,intrinsic_reward,0.012155830636620521
33624,extrinsic_reward,0.0
33749,intrinsic_reward,0.012616195240058005
33749,extrinsic_reward,0.01
33874,intrinsic_reward,0.012476963836234064
33874,extrinsic_reward,0.0
33999,intrinsic_reward,0.01239464350650087
33999,extrinsic_reward,0.0
34124,intrinsic_reward,0.012572086098138244
34124,extrinsic_reward,0.0
34249,intrinsic_reward,0.012314959734678268
34249,extrinsic_reward,0.01
34374,intrinsic_reward,0.013220392017625272
34374,extrinsic_reward,0.03
34499,intrinsic_reward,0.011545533171389252
34499,extrinsic_reward,0.0
34624,intrinsic_reward,0.011587352673057466
34624,extrinsic_reward,0.0
34749,intrinsic_reward,0.011573256564326584
34749,extrinsic_reward,0.0
34874,intrinsic_reward,0.012518285861704498
34874,extrinsic_reward,0.02
34999,intrinsic_reward,0.013059291119687259
34999,extrinsic_reward,0.01
35124,intrinsic_reward,0.013502453119494022
35124,extrinsic_reward,0.0
35249,intrinsic_reward,0.013934745794627815
35249,extrinsic_reward,0.02
35374,intrinsic_reward,0.013354299422353506
35374,extrinsic_reward,0.0
35499,intrinsic_reward,0.012460538967046887
35499,extrinsic_reward,0.0
35624,intrinsic_reward,0.012117018381599337
35624,extrinsic_reward,0.01
35749,intrinsic_reward,0.012297752199694515
35749,extrinsic_reward,0.02
35874,intrinsic_reward,0.012122853111941367
35874,extrinsic_reward,0.0
35999,intrinsic_reward,0.012928940983954817
35999,extrinsic_reward,0.0
36004,q_loss,0.0009340342688228703
36004,rnd_loss,0.004060709390323609
36124,intrinsic_reward,0.013688395779579877
36124,extrinsic_reward,0.04
36249,intrinsic_reward,0.012194444357417523
36249,extrinsic_reward,0.0
36374,intrinsic_reward,0.011875817105174064
36374,extrinsic_reward,0.02
36499,intrinsic_reward,0.012449924514163286
36499,extrinsic_reward,0.0
36624,intrinsic_reward,0.013195971480105073
36624,extrinsic_reward,0.0
36749,intrinsic_reward,0.013173319701105355
36749,extrinsic_reward,0.0
36874,intrinsic_reward,0.012993799774907529
36874,extrinsic_reward,0.0
36999,intrinsic_reward,0.013550788794644176
36999,extrinsic_reward,0.0
37124,intrinsic_reward,0.013280386870726944
37124,extrinsic_reward,0.0
37249,intrinsic_reward,0.013611212160438299
37249,extrinsic_reward,0.0
37374,intrinsic_reward,0.013233610237482936
37374,extrinsic_reward,0.01
37499,intrinsic_reward,0.011828382837586105
37499,extrinsic_reward,0.0
37624,intrinsic_reward,0.012175206100568174
37624,extrinsic_reward,0.01
37749,intrinsic_reward,0.012217358259949834
37749,extrinsic_reward,0.01
37874,intrinsic_reward,0.013014835224952549
37874,extrinsic_reward,0.0
37999,intrinsic_reward,0.013619957586750388
37999,extrinsic_reward,0.01
38124,intrinsic_reward,0.012867069605737925
38124,extrinsic_reward,0.02
38249,intrinsic_reward,0.01202418159879744
38249,extrinsic_reward,0.0
38374,intrinsic_reward,0.012649599177762866
38374,extrinsic_reward,0.0
38499,intrinsic_reward,0.012630540268030017
38499,extrinsic_reward,0.01
38624,intrinsic_reward,0.012517376740463078
38624,extrinsic_reward,0.0
38749,intrinsic_reward,0.011473954915069043
38749,extrinsic_reward,0.0
38874,intrinsic_reward,0.011860131653957069
38874,extrinsic_reward,0.0
38999,intrinsic_reward,0.010350536482874304
38999,extrinsic_reward,0.0
39124,intrinsic_reward,0.01015345247881487
39124,extrinsic_reward,0.01
39249,intrinsic_reward,0.010031056681182236
39249,extrinsic_reward,0.0
39374,intrinsic_reward,0.011080619561485946
39374,extrinsic_reward,0.0
39499,intrinsic_reward,0.01058810757752508
39499,extrinsic_reward,0.0
39624,intrinsic_reward,0.011555928986985237
39624,extrinsic_reward,0.0
39749,intrinsic_reward,0.01159690581355244
39749,extrinsic_reward,0.0
39874,intrinsic_reward,0.012299598501063883
39874,extrinsic_reward,0.0
39999,intrinsic_reward,0.012616634914651512
39999,extrinsic_reward,0.0
40004,q_loss,0.00107894296701852
40004,rnd_loss,0.003944735455559566
40124,intrinsic_reward,0.013180407596752047
40124,extrinsic_reward,0.02
40249,intrinsic_reward,0.013286415507551283
40249,extrinsic_reward,0.01
40374,intrinsic_reward,0.013760011597536504
40374,extrinsic_reward,0.01
40499,intrinsic_reward,0.012372924893163145
40499,extrinsic_reward,0.0
40624,intrinsic_reward,0.012594186590984463
40624,extrinsic_reward,0.0
40749,intrinsic_reward,0.013012634288985282
40749,extrinsic_reward,0.0
40874,intrinsic_reward,0.013840407004579901
40874,extrinsic_reward,0.0
40999,intrinsic_reward,0.013121500140056015
40999,extrinsic_reward,0.0
41124,intrinsic_reward,0.012836547122802586
41124,extrinsic_reward,0.0
41249,intrinsic_reward,0.012521436306182295
41249,extrinsic_reward,0.0
41374,intrinsic_reward,0.012810709847602993
41374,extrinsic_reward,0.0
41499,intrinsic_reward,0.014071310222148895
41499,extrinsic_reward,0.01
41624,intrinsic_reward,0.015201380494982004
41624,extrinsic_reward,0.0
41749,intrinsic_reward,0.015164457442704588
41749,extrinsic_reward,0.0
41874,intrinsic_reward,0.01443521086825058
41874,extrinsic_reward,0.01
41999,intrinsic_reward,0.014657111451961101
41999,extrinsic_reward,0.0
42124,intrinsic_reward,0.014264770682901145
42124,extrinsic_reward,0.0
42249,intrinsic_reward,0.01401584149710834
42249,extrinsic_reward,0.0
42374,intrinsic_reward,0.014750971816014499
42374,extrinsic_reward,0.0
42499,intrinsic_reward,0.01351685420423746
42499,extrinsic_reward,0.0
42624,intrinsic_reward,0.011133595243096352
42624,extrinsic_reward,0.0
42749,intrinsic_reward,0.011873523073736578
42749,extrinsic_reward,0.0
42874,intrinsic_reward,0.012200832950416952
42874,extrinsic_reward,0.02
42999,intrinsic_reward,0.012096391120459885
42999,extrinsic_reward,0.01
43124,intrinsic_reward,0.011217187437228859
43124,extrinsic_reward,0.0
43249,intrinsic_reward,0.01136819040356204
43249,extrinsic_reward,0.01
43374,intrinsic_reward,0.011436344413552433
43374,extrinsic_reward,0.0
43499,intrinsic_reward,0.01172170406440273
43499,extrinsic_reward,0.0
43624,intrinsic_reward,0.010661919679958373
43624,extrinsic_reward,0.0
43749,intrinsic_reward,0.010446485330816359
43749,extrinsic_reward,0.0
43874,intrinsic_reward,0.011026440686080604
43874,extrinsic_reward,0.01
43999,intrinsic_reward,0.011326263162307441
43999,extrinsic_reward,0.01
44004,q_loss,0.001126253598871699
44004,rnd_loss,0.003847851343685761
44124,intrinsic_reward,0.013167709037195892
44124,extrinsic_reward,0.0
44249,intrinsic_reward,0.012136940095573664
44249,extrinsic_reward,0.02
44374,intrinsic_reward,0.011343425843864679
44374,extrinsic_reward,0.01
44499,intrinsic_reward,0.012670485992915929
44499,extrinsic_reward,0.0
44624,intrinsic_reward,0.011840455661527813
44624,extrinsic_reward,0.0
44749,intrinsic_reward,0.011286218109540641
44749,extrinsic_reward,0.0
44874,intrinsic_reward,0.01124598648166284
44874,extrinsic_reward,0.0
44999,intrinsic_reward,0.011412151542957872
44999,extrinsic_reward,0.0
45124,intrinsic_reward,0.011702374314889312
45124,extrinsic_reward,0.0
45249,intrinsic_reward,0.011931800407357513
45249,extrinsic_reward,0.0
45374,intrinsic_reward,0.01311207414418459
45374,extrinsic_reward,0.05
45499,intrinsic_reward,0.01385914814658463
45499,extrinsic_reward,0.0
45624,intrinsic_reward,0.013906378795858473
45624,extrinsic_reward,0.0
45749,intrinsic_reward,0.014598983905278147
45749,extrinsic_reward,0.0
45874,intrinsic_reward,0.01418179337726906
45874,extrinsic_reward,0.01
45999,intrinsic_reward,0.014725099201314151
45999,extrinsic_reward,0.0
46124,intrinsic_reward,0.013876996771432459
46124,extrinsic_reward,0.01
46249,intrinsic_reward,0.01445920655503869
46249,extrinsic_reward,0.0
46374,intrinsic_reward,0.014477143227588385
46374,extrinsic_reward,0.0
46499,intrinsic_reward,0.014970376645214856
46499,extrinsic_reward,0.0
46624,intrinsic_reward,0.01435885747289285
46624,extrinsic_reward,0.0
46749,intrinsic_reward,0.013567684871144592
46749,extrinsic_reward,0.01
46874,intrinsic_reward,0.011982353573665023
46874,extrinsic_reward,0.0
46999,intrinsic_reward,0.011772057527676225
46999,extrinsic_reward,0.0
47124,intrinsic_reward,0.012314504876732826
47124,extrinsic_reward,0.0
47249,intrinsic_reward,0.011788175110705196
47249,extrinsic_reward,0.0
47374,intrinsic_reward,0.013187390605919063
47374,extrinsic_reward,0.0
47499,intrinsic_reward,0.013108194666914642
47499,extrinsic_reward,0.0
47624,intrinsic_reward,0.012805832773912697
47624,extrinsic_reward,0.0
47749,intrinsic_reward,0.012174758072011172
47749,extrinsic_reward,0.0
47874,intrinsic_reward,0.012257444330956787
47874,extrinsic_reward,0.0
47999,intrinsic_reward,0.011919088524300604
47999,extrinsic_reward,0.0
48004,q_loss,0.0014367869647830957
48004,rnd_loss,0.0037704546663444487
48124,intrinsic_reward,0.01165413367561996
48124,extrinsic_reward,0.0
48249,intrinsic_reward,0.011292476126924158
48249,extrinsic_reward,0.0
48374,intrinsic_reward,0.012003594264388084
48374,extrinsic_reward,0.02
48499,intrinsic_reward,0.011808593041263521
48499,extrinsic_reward,0.0
48624,intrinsic_reward,0.011682570970151573
48624,extrinsic_reward,0.0
48749,intrinsic_reward,0.01172896886849776
48749,extrinsic_reward,0.0
48874,intrinsic_reward,0.011414931138511747
48874,extrinsic_reward,0.0
48999,intrinsic_reward,0.011453780064359308
48999,extrinsic_reward,0.0
49124,intrinsic_reward,0.012049828108400107
49124,extrinsic_reward,0.0
49249,intrinsic_reward,0.011798684674780817
49249,extrinsic_reward,0.0
49374,intrinsic_reward,0.01243933030962944
49374,extrinsic_reward,0.0
49499,intrinsic_reward,0.011323255210649223
49499,extrinsic_reward,0.0
49624,intrinsic_reward,0.011473286624997855
49624,extrinsic_reward,0.0
49749,intrinsic_reward,0.01247925814241171
49749,extrinsic_reward,0.0
49874,intrinsic_reward,0.011230515327304602
49874,extrinsic_reward,0.0
49999,intrinsic_reward,0.011847893143538386
49999,extrinsic_reward,0.0
50124,intrinsic_reward,0.011945507602300495
50124,extrinsic_reward,0.0
50249,intrinsic_reward,0.01158801752794534
50249,extrinsic_reward,0.0
50374,intrinsic_reward,0.011368205273989587
50374,extrinsic_reward,0.0
50499,intrinsic_reward,0.010577087417710572
50499,extrinsic_reward,0.0
50624,intrinsic_reward,0.010256891047116369
50624,extrinsic_reward,0.0
50749,intrinsic_reward,0.011793924437370151
50749,extrinsic_reward,0.01
50874,intrinsic_reward,0.011746841146145015
50874,extrinsic_reward,0.0
50999,intrinsic_reward,0.012665446077939123
50999,extrinsic_reward,0.01
51124,intrinsic_reward,0.01308290664711967
51124,extrinsic_reward,0.01
51249,intrinsic_reward,0.013783833993598818
51249,extrinsic_reward,0.01
51374,intrinsic_reward,0.013193386887200178
51374,extrinsic_reward,0.0
51499,intrinsic_reward,0.0136594428839162
51499,extrinsic_reward,0.01
51624,intrinsic_reward,0.013110088668297977
51624,extrinsic_reward,0.0
51749,intrinsic_reward,0.01344047337397933
51749,extrinsic_reward,0.0
51874,intrinsic_reward,0.013826698949560522
51874,extrinsic_reward,0.0
51999,intrinsic_reward,0.012738984940107912
51999,extrinsic_reward,0.0
52004,q_loss,0.001861570051732997
52004,rnd_loss,0.003581375096458942
52124,intrinsic_reward,0.011757465184666216
52124,extrinsic_reward,0.0
52249,intrinsic_reward,0.011311241953168065
52249,extrinsic_reward,0.0
52374,intrinsic_reward,0.011088823420461268
52374,extrinsic_reward,0.0
52499,intrinsic_reward,0.010806711125653238
52499,extrinsic_reward,0.01
52624,intrinsic_reward,0.011522535778582097
52624,extrinsic_reward,0.0
52749,intrinsic_reward,0.011331884716637432
52749,extrinsic_reward,0.0
52874,intrinsic_reward,0.010664612688589842
52874,extrinsic_reward,0.0
52999,intrinsic_reward,0.011806584880221635
52999,extrinsic_reward,0.01
53124,intrinsic_reward,0.01267793288361281
53124,extrinsic_reward,0.0
53249,intrinsic_reward,0.013043415817897766
53249,extrinsic_reward,0.01
53374,intrinsic_reward,0.012842223648913204
53374,extrinsic_reward,0.0
53499,intrinsic_reward,0.013072004482615739
53499,extrinsic_reward,0.0
53624,intrinsic_reward,0.013273908299859614
53624,extrinsic_reward,0.0
53749,intrinsic_reward,0.01259374599950388
53749,extrinsic_reward,0.0
53874,intrinsic_reward,0.013816080966498702
53874,extrinsic_reward,0.01
53999,intrinsic_reward,0.014763357708696277
53999,extrinsic_reward,0.02
54124,intrinsic_reward,0.013939896679017693
54124,extrinsic_reward,0.0
54249,intrinsic_reward,0.013411110289394856
54249,extrinsic_reward,0.0
54374,intrinsic_reward,0.012778589104302228
54374,extrinsic_reward,0.01
54499,intrinsic_reward,0.012406795085407794
54499,extrinsic_reward,0.0
54624,intrinsic_reward,0.012704214746598155
54624,extrinsic_reward,0.0
54749,intrinsic_reward,0.012702341595198959
54749,extrinsic_reward,0.0
54874,intrinsic_reward,0.012676558026578277
54874,extrinsic_reward,0.0
54999,intrinsic_reward,0.012705301429145038
54999,extrinsic_reward,0.0
55124,intrinsic_reward,0.012591846686322242
55124,extrinsic_reward,0.01
55249,intrinsic_reward,0.01246581849269569
55249,extrinsic_reward,0.0
55374,intrinsic_reward,0.013211177494376898
55374,extrinsic_reward,0.02
55499,intrinsic_reward,0.012969575419090688
55499,extrinsic_reward,0.0
55624,intrinsic_reward,0.013174950144719333
55624,extrinsic_reward,0.01
55749,intrinsic_reward,0.013757875183597208
55749,extrinsic_reward,0.0
55874,intrinsic_reward,0.013963527529966087
55874,extrinsic_reward,0.0
55999,intrinsic_reward,0.01377477333880961
55999,extrinsic_reward,0.0
56004,q_loss,0.0015418262367602438
56004,rnd_loss,0.0034243399181868883
56124,intrinsic_reward,0.013766600731760264
56124,extrinsic_reward,0.0
56249,intrinsic_reward,0.013871962059289217
56249,extrinsic_reward,0.0
56374,intrinsic_reward,0.013063589878380298
56374,extrinsic_reward,0.0
56499,intrinsic_reward,0.013869015356060117
56499,extrinsic_reward,0.0
56624,intrinsic_reward,0.014458704779855907
56624,extrinsic_reward,0.0
56749,intrinsic_reward,0.013336741576902568
56749,extrinsic_reward,0.01
56874,intrinsic_reward,0.012778866290580481
56874,extrinsic_reward,0.0
56999,intrinsic_reward,0.013127468235790729
56999,extrinsic_reward,0.0
57124,intrinsic_reward,0.013790373451542109
57124,extrinsic_reward,0.0
57249,intrinsic_reward,0.013401264877524226
57249,extrinsic_reward,0.03
57374,intrinsic_reward,0.012312333895359188
57374,extrinsic_reward,0.0
57499,intrinsic_reward,0.01305687484331429
57499,extrinsic_reward,0.01
57624,intrinsic_reward,0.01325959636317566
57624,extrinsic_reward,0.0
57749,intrinsic_reward,0.012861221401952207
57749,extrinsic_reward,0.01
57874,intrinsic_reward,0.01303496593143791
57874,extrinsic_reward,0.0
57999,intrinsic_reward,0.01230607340298593
57999,extrinsic_reward,0.0
58124,intrinsic_reward,0.012180807734373958
58124,extrinsic_reward,0.01
58249,intrinsic_reward,0.01298164162831381
58249,extrinsic_reward,0.0
58374,intrinsic_reward,0.012374004131183029
58374,extrinsic_reward,0.0
58499,intrinsic_reward,0.01128919125860557
58499,extrinsic_reward,0.01
58624,intrinsic_reward,0.01159884640853852
58624,extrinsic_reward,0.0
58749,intrinsic_reward,0.010754051845055073
58749,extrinsic_reward,0.0
58874,intrinsic_reward,0.010815587460063399
58874,extrinsic_reward,0.0
58999,intrinsic_reward,0.010627776742912829
58999,extrinsic_reward,0.0
59124,intrinsic_reward,0.01250086404196918
59124,extrinsic_reward,0.01
59249,intrinsic_reward,0.012562672016676515
59249,extrinsic_reward,0.01
59374,intrinsic_reward,0.013241273932158947
59374,extrinsic_reward,0.0
59499,intrinsic_reward,0.01296606578817591
59499,extrinsic_reward,0.0
59624,intrinsic_reward,0.013390804195776582
59624,extrinsic_reward,0.0
59749,intrinsic_reward,0.013415498146321625
59749,extrinsic_reward,0.02
59874,intrinsic_reward,0.012938205538317562
59874,extrinsic_reward,0.0
59999,intrinsic_reward,0.01222142419591546
59999,extrinsic_reward,0.0
60004,q_loss,0.0018825730582830147
60004,rnd_loss,0.003338712417287752
60124,intrinsic_reward,0.012430537550710141
60124,extrinsic_reward,0.02
60249,intrinsic_reward,0.012501392591744662
60249,extrinsic_reward,0.0
60374,intrinsic_reward,0.012221241055987776
60374,extrinsic_reward,0.0
60499,intrinsic_reward,0.012126715682912619
60499,extrinsic_reward,0.0
60624,intrinsic_reward,0.011911024741828442
60624,extrinsic_reward,0.0
60749,intrinsic_reward,0.013977092154324055
60749,extrinsic_reward,0.0
60874,intrinsic_reward,0.013249440400395543
60874,extrinsic_reward,0.0
60999,intrinsic_reward,0.013001639771740884
60999,extrinsic_reward,0.0
61124,intrinsic_reward,0.01378113567410037
61124,extrinsic_reward,0.0
61249,intrinsic_reward,0.013737247900571674
61249,extrinsic_reward,0.0
61374,intrinsic_reward,0.012867072731256484
61374,extrinsic_reward,0.0
61499,intrinsic_reward,0.013471953803207726
61499,extrinsic_reward,0.01
61624,intrinsic_reward,0.01332373730931431
61624,extrinsic_reward,0.01
61749,intrinsic_reward,0.013564516867510975
61749,extrinsic_reward,0.0
61874,intrinsic_reward,0.014094549273140728
61874,extrinsic_reward,0.01
61999,intrinsic_reward,0.013454395102802665
61999,extrinsic_reward,0.0
62124,intrinsic_reward,0.012362538568675517
62124,extrinsic_reward,0.0
62249,intrinsic_reward,0.012515662818215787
62249,extrinsic_reward,0.0
62374,intrinsic_reward,0.012952602369710802
62374,extrinsic_reward,0.0
62499,intrinsic_reward,0.013053784278221429
62499,extrinsic_reward,0.01
62624,intrinsic_reward,0.012482712878845632
62624,extrinsic_reward,0.0
62749,intrinsic_reward,0.012383528244681656
62749,extrinsic_reward,0.0
62874,intrinsic_reward,0.013953416407108307
62874,extrinsic_reward,0.02
62999,intrinsic_reward,0.012421276210807264
62999,extrinsic_reward,0.0
63124,intrinsic_reward,0.013046063201501966
63124,extrinsic_reward,0.01
63249,intrinsic_reward,0.012192840474192054
63249,extrinsic_reward,0.0
63374,intrinsic_reward,0.012694258362986148
63374,extrinsic_reward,0.0
63499,intrinsic_reward,0.012009840430226177
63499,extrinsic_reward,0.0
63624,intrinsic_reward,0.012383073789067566
63624,extrinsic_reward,0.02
63749,intrinsic_reward,0.01308815475134179
63749,extrinsic_reward,0.0
63874,intrinsic_reward,0.012868877771310508
63874,extrinsic_reward,0.0
63999,intrinsic_reward,0.013345257717650385
63999,extrinsic_reward,0.0
64004,q_loss,0.0016550703318425803
64004,rnd_loss,0.003246907699620351
64124,intrinsic_reward,0.013372515695169567
64124,extrinsic_reward,0.0
64249,intrinsic_reward,0.014355028817430138
64249,extrinsic_reward,0.0
64374,intrinsic_reward,0.011534412944223731
64374,extrinsic_reward,0.01
64499,intrinsic_reward,0.011626720137428492
64499,extrinsic_reward,0.01
64624,intrinsic_reward,0.012653201572131366
64624,extrinsic_reward,0.0
64749,intrinsic_reward,0.01226582106994465
64749,extrinsic_reward,0.0
64874,intrinsic_reward,0.0132574578714557
64874,extrinsic_reward,0.0
64999,intrinsic_reward,0.01261469179019332
64999,extrinsic_reward,0.0
65124,intrinsic_reward,0.013102238442283124
65124,extrinsic_reward,0.01
65249,intrinsic_reward,0.013132948487997054
65249,extrinsic_reward,0.0
65374,intrinsic_reward,0.014006738143507391
65374,extrinsic_reward,0.0
65499,intrinsic_reward,0.011772425884380936
65499,extrinsic_reward,0.01
65624,intrinsic_reward,0.01016972569702193
65624,extrinsic_reward,0.0
65749,intrinsic_reward,0.010961595942266285
65749,extrinsic_reward,0.0
65874,intrinsic_reward,0.012775206621270626
65874,extrinsic_reward,0.01
65999,intrinsic_reward,0.011221090459730475
65999,extrinsic_reward,0.0
66124,intrinsic_reward,0.012332790974527597
66124,extrinsic_reward,0.03
66249,intrinsic_reward,0.01225463807908818
66249,extrinsic_reward,0.0
66283,episode_reward,2.86
66283,episode_intrinsic_reward,6.933752623993904
66283,episode_extrinsic_reward,2.86
66374,intrinsic_reward,0.012787399630993604
66374,extrinsic_reward,0.01
66499,intrinsic_reward,0.013612105992622674
66499,extrinsic_reward,0.01
66624,intrinsic_reward,0.012988402344752103
66624,extrinsic_reward,0.01
66749,intrinsic_reward,0.013110823936760425
66749,extrinsic_reward,0.0
66874,intrinsic_reward,0.013332771365530788
66874,extrinsic_reward,0.0
66999,intrinsic_reward,0.01288798421435058
66999,extrinsic_reward,0.0
67124,intrinsic_reward,0.01244906593579799
67124,extrinsic_reward,0.0
67249,intrinsic_reward,0.013386883591301739
67249,extrinsic_reward,0.01
67374,intrinsic_reward,0.013935945917386562
67374,extrinsic_reward,0.0
67499,intrinsic_reward,0.013359671781770884
67499,extrinsic_reward,0.0
67624,intrinsic_reward,0.012087978224270046
67624,extrinsic_reward,0.01
67749,intrinsic_reward,0.01139015580061823
67749,extrinsic_reward,0.0
67874,intrinsic_reward,0.010960259655024856
67874,extrinsic_reward,0.0
67999,intrinsic_reward,0.011895104209892452
67999,extrinsic_reward,0.0
68004,q_loss,0.0016427760158621823
68004,rnd_loss,0.0032805333361029627
68124,intrinsic_reward,0.012364272702950985
68124,extrinsic_reward,0.0
68249,intrinsic_reward,0.011991909035481512
68249,extrinsic_reward,0.0
68374,intrinsic_reward,0.012700351292733104
68374,extrinsic_reward,0.0
68499,intrinsic_reward,0.012854924302082509
68499,extrinsic_reward,0.01
68624,intrinsic_reward,0.013831194481346756
68624,extrinsic_reward,0.0
68749,intrinsic_reward,0.013600196294486522
68749,extrinsic_reward,0.0
68874,intrinsic_reward,0.013089353590272367
68874,extrinsic_reward,0.0
68999,intrinsic_reward,0.014689883736893535
68999,extrinsic_reward,0.0
69124,intrinsic_reward,0.01412297221692279
69124,extrinsic_reward,0.0
69249,intrinsic_reward,0.013519329427741467
69249,extrinsic_reward,0.0
69374,intrinsic_reward,0.013359703792724758
69374,extrinsic_reward,0.0
69499,intrinsic_reward,0.01297533428389579
69499,extrinsic_reward,0.0
69624,intrinsic_reward,0.011629201994743198
69624,extrinsic_reward,0.0
69749,intrinsic_reward,0.012312977276276798
69749,extrinsic_reward,0.0
69874,intrinsic_reward,0.012471520223654806
69874,extrinsic_reward,0.0
69999,intrinsic_reward,0.011084243644960225
69999,extrinsic_reward,0.0
70124,intrinsic_reward,0.012140202420763671
70124,extrinsic_reward,0.0
70249,intrinsic_reward,0.011753849257249385
70249,extrinsic_reward,0.0
70374,intrinsic_reward,0.011793436202220618
70374,extrinsic_reward,0.0
70499,intrinsic_reward,0.011861571323126555
70499,extrinsic_reward,0.0
70624,intrinsic_reward,0.012733801723923533
70624,extrinsic_reward,0.01
70749,intrinsic_reward,0.012594778642058373
70749,extrinsic_reward,0.0
70874,intrinsic_reward,0.011995943984948099
70874,extrinsic_reward,0.0
70999,intrinsic_reward,0.01291530371690169
70999,extrinsic_reward,0.01
71124,intrinsic_reward,0.013434690199792385
71124,extrinsic_reward,0.0
71249,intrinsic_reward,0.013734305249061435
71249,extrinsic_reward,0.0
71374,intrinsic_reward,0.013704217525664718
71374,extrinsic_reward,0.01
71499,intrinsic_reward,0.013686297521460802
71499,extrinsic_reward,0.01
71624,intrinsic_reward,0.012684993275906891
71624,extrinsic_reward,0.0
71749,intrinsic_reward,0.012188044408336282
71749,extrinsic_reward,0.0
71874,intrinsic_reward,0.01340048859314993
71874,extrinsic_reward,0.0
71999,intrinsic_reward,0.013653080821037292
71999,extrinsic_reward,0.02
72004,q_loss,0.0017957921727065696
72004,rnd_loss,0.00328656567260623
72124,intrinsic_reward,0.013793879275210202
72124,extrinsic_reward,0.0
72249,intrinsic_reward,0.013329072724562139
72249,extrinsic_reward,0.0
72374,intrinsic_reward,0.012625377239659428
72374,extrinsic_reward,0.01
72499,intrinsic_reward,0.013242898353375495
72499,extrinsic_reward,0.01
72624,intrinsic_reward,0.012440360578242689
72624,extrinsic_reward,0.0
72749,intrinsic_reward,0.01193437054893002
72749,extrinsic_reward,0.0
72874,intrinsic_reward,0.011995955722872167
72874,extrinsic_reward,0.0
72999,intrinsic_reward,0.012291473378427327
72999,extrinsic_reward,0.01
73124,intrinsic_reward,0.011207802826538682
73124,extrinsic_reward,0.0
73249,intrinsic_reward,0.010750368784647435
73249,extrinsic_reward,0.0
73374,intrinsic_reward,0.011671616853680462
73374,extrinsic_reward,0.0
73499,intrinsic_reward,0.01140727478824556
73499,extrinsic_reward,0.0
73624,intrinsic_reward,0.012393290200736373
73624,extrinsic_reward,0.0
73749,intrinsic_reward,0.012249114685226232
73749,extrinsic_reward,0.0
73874,intrinsic_reward,0.013269829524680973
73874,extrinsic_reward,0.01
73999,intrinsic_reward,0.012388650314416737
73999,extrinsic_reward,0.01
74124,intrinsic_reward,0.012754854535218327
74124,extrinsic_reward,0.0
74249,intrinsic_reward,0.013172251931391656
74249,extrinsic_reward,0.0
74374,intrinsic_reward,0.012791627890896053
74374,extrinsic_reward,0.0
74499,intrinsic_reward,0.01292959002777934
74499,extrinsic_reward,0.0
74624,intrinsic_reward,0.01256201205169782
74624,extrinsic_reward,0.0
74749,intrinsic_reward,0.011623159748502076
74749,extrinsic_reward,0.01
74874,intrinsic_reward,0.012337181492708623
74874,extrinsic_reward,0.0
74999,intrinsic_reward,0.013336051051970572
74999,extrinsic_reward,0.0
75124,intrinsic_reward,0.012370509382337332
75124,extrinsic_reward,0.0
75249,intrinsic_reward,0.011706785237882286
75249,extrinsic_reward,0.0
75374,intrinsic_reward,0.012046397590544074
75374,extrinsic_reward,0.0
75499,intrinsic_reward,0.01254715733230114
75499,extrinsic_reward,0.0
75624,intrinsic_reward,0.010835363541264086
75624,extrinsic_reward,0.0
75749,intrinsic_reward,0.010629112473223358
75749,extrinsic_reward,0.0
75874,intrinsic_reward,0.01207535310043022
75874,extrinsic_reward,0.0
75999,intrinsic_reward,0.012306822491344065
75999,extrinsic_reward,0.01
76004,q_loss,0.0019320250251766992
76004,rnd_loss,0.0033079825448803606
76124,intrinsic_reward,0.012994548961520195
76124,extrinsic_reward,0.0
76249,intrinsic_reward,0.012724582268856467
76249,extrinsic_reward,0.0
76374,intrinsic_reward,0.012668962008319795
76374,extrinsic_reward,0.0
76499,intrinsic_reward,0.012200147033669055
76499,extrinsic_reward,0.0
76624,intrinsic_reward,0.012605609239079059
76624,extrinsic_reward,0.0
76749,intrinsic_reward,0.012001037819311023
76749,extrinsic_reward,0.0
76874,intrinsic_reward,0.012308578035328538
76874,extrinsic_reward,0.0
76999,intrinsic_reward,0.013807566734962166
76999,extrinsic_reward,0.0
77124,intrinsic_reward,0.013284852873068303
77124,extrinsic_reward,0.0
77249,intrinsic_reward,0.013893106975127011
77249,extrinsic_reward,0.01
77374,intrinsic_reward,0.013271449676714838
77374,extrinsic_reward,0.0
77499,intrinsic_reward,0.01293753416556865
77499,extrinsic_reward,0.0
77624,intrinsic_reward,0.01348490452254191
77624,extrinsic_reward,0.01
77749,intrinsic_reward,0.013179072609636933
77749,extrinsic_reward,0.0
77874,intrinsic_reward,0.013384137782733887
77874,extrinsic_reward,0.0
77999,intrinsic_reward,0.013106092093046754
77999,extrinsic_reward,0.0
78124,intrinsic_reward,0.01405532795889303
78124,extrinsic_reward,0.0
78249,intrinsic_reward,0.013763010589405895
78249,extrinsic_reward,0.0
78374,intrinsic_reward,0.013659965612459928
78374,extrinsic_reward,0.0
78499,intrinsic_reward,0.013245123102795332
78499,extrinsic_reward,0.0
78624,intrinsic_reward,0.012901280806399882
78624,extrinsic_reward,0.0
78749,intrinsic_reward,0.012237485767342151
78749,extrinsic_reward,0.0
78874,intrinsic_reward,0.011563106212764978
78874,extrinsic_reward,0.0
78999,intrinsic_reward,0.011528808798640966
78999,extrinsic_reward,0.0
79124,intrinsic_reward,0.012375538380816578
79124,extrinsic_reward,0.0
79249,intrinsic_reward,0.012130559468641878
79249,extrinsic_reward,0.0
79374,intrinsic_reward,0.012412334338761866
79374,extrinsic_reward,0.0
79499,intrinsic_reward,0.012403059283271432
79499,extrinsic_reward,0.0
79624,intrinsic_reward,0.013105732252821327
79624,extrinsic_reward,0.0
79749,intrinsic_reward,0.013956277109216899
79749,extrinsic_reward,0.0
79874,intrinsic_reward,0.012233781945891678
79874,extrinsic_reward,0.0
79999,intrinsic_reward,0.012624113696161657
79999,extrinsic_reward,0.0
80004,q_loss,0.0019634419346402864
80004,rnd_loss,0.003215679723303765
80124,intrinsic_reward,0.012763811541255563
80124,extrinsic_reward,0.0
80249,intrinsic_reward,0.01269547997834161
80249,extrinsic_reward,0.01
80374,intrinsic_reward,0.012842367805540562
80374,extrinsic_reward,0.0
80499,intrinsic_reward,0.013423146991990507
80499,extrinsic_reward,0.0
80624,intrinsic_reward,0.013468018492218107
80624,extrinsic_reward,0.0
80749,intrinsic_reward,0.013671984345186503
80749,extrinsic_reward,0.0
80874,intrinsic_reward,0.013253392783924938
80874,extrinsic_reward,0.0
80999,intrinsic_reward,0.013331130961887538
80999,extrinsic_reward,0.01
81124,intrinsic_reward,0.012097822655458003
81124,extrinsic_reward,0.0
81249,intrinsic_reward,0.012212272647302598
81249,extrinsic_reward,0.0
81374,intrinsic_reward,0.012307772476226091
81374,extrinsic_reward,0.0
81499,intrinsic_reward,0.01361591831361875
81499,extrinsic_reward,0.0
81624,intrinsic_reward,0.012981376375071704
81624,extrinsic_reward,0.0
81749,intrinsic_reward,0.013097315740771592
81749,extrinsic_reward,0.0
81874,intrinsic_reward,0.012804852097295224
81874,extrinsic_reward,0.0
81999,intrinsic_reward,0.011539474675431847
81999,extrinsic_reward,0.0
82124,intrinsic_reward,0.011821885880082846
82124,extrinsic_reward,0.01
82249,intrinsic_reward,0.012446765535976737
82249,extrinsic_reward,0.0
82374,intrinsic_reward,0.012700712261721491
82374,extrinsic_reward,0.0
82499,intrinsic_reward,0.013185540004633367
82499,extrinsic_reward,0.0
82624,intrinsic_reward,0.0127187270661816
82624,extrinsic_reward,0.0
82749,intrinsic_reward,0.013646083927247673
82749,extrinsic_reward,0.0
82874,intrinsic_reward,0.012921087235677987
82874,extrinsic_reward,0.0
82999,intrinsic_reward,0.013346173583064228
82999,extrinsic_reward,0.0
83124,intrinsic_reward,0.013287310097366571
83124,extrinsic_reward,0.0
83249,intrinsic_reward,0.013399135475978255
83249,extrinsic_reward,0.0
83374,intrinsic_reward,0.012059030610136688
83374,extrinsic_reward,0.0
83499,intrinsic_reward,0.012415689823683351
83499,extrinsic_reward,0.0
83624,intrinsic_reward,0.01190896476712078
83624,extrinsic_reward,0.0
83749,intrinsic_reward,0.012518589047249406
83749,extrinsic_reward,0.0
83874,intrinsic_reward,0.013127217127475888
83874,extrinsic_reward,0.0
83999,intrinsic_reward,0.012687896627001465
83999,extrinsic_reward,0.0
84004,q_loss,0.0018274111384307616
84004,rnd_loss,0.003143462884472683
84124,intrinsic_reward,0.012127813315950335
84124,extrinsic_reward,0.0
84249,intrinsic_reward,0.011095741090830415
84249,extrinsic_reward,0.0
84374,intrinsic_reward,0.011117135694716125
84374,extrinsic_reward,0.0
84499,intrinsic_reward,0.012542149947490543
84499,extrinsic_reward,0.0
84624,intrinsic_reward,0.012418328632134944
84624,extrinsic_reward,0.0
84749,intrinsic_reward,0.012736544935032726
84749,extrinsic_reward,0.0
84874,intrinsic_reward,0.012062540918122977
84874,extrinsic_reward,0.0
84999,intrinsic_reward,0.01247922631725669
84999,extrinsic_reward,0.0
85124,intrinsic_reward,0.011967235221993179
85124,extrinsic_reward,0.0
85249,intrinsic_reward,0.012263829493429511
85249,extrinsic_reward,0.0
85374,intrinsic_reward,0.012100443976931274
85374,extrinsic_reward,0.0
85499,intrinsic_reward,0.012084108837880194
85499,extrinsic_reward,0.0
85624,intrinsic_reward,0.012224404307082295
85624,extrinsic_reward,0.0
85749,intrinsic_reward,0.012087445021606982
85749,extrinsic_reward,0.0
85874,intrinsic_reward,0.011002543512266129
85874,extrinsic_reward,0.0
85999,intrinsic_reward,0.011816205519717187
85999,extrinsic_reward,0.01
86124,intrinsic_reward,0.011160666344221682
86124,extrinsic_reward,0.0
86249,intrinsic_reward,0.011529172789305448
86249,extrinsic_reward,0.0
86374,intrinsic_reward,0.01099302919395268
86374,extrinsic_reward,0.0
86499,intrinsic_reward,0.01160015762085095
86499,extrinsic_reward,0.0
86624,intrinsic_reward,0.01127989441389218
86624,extrinsic_reward,0.0
86749,intrinsic_reward,0.010538028357550501
86749,extrinsic_reward,0.0
86874,intrinsic_reward,0.011072729964274913
86874,extrinsic_reward,0.0
86999,intrinsic_reward,0.010627567347604781
86999,extrinsic_reward,0.0
87124,intrinsic_reward,0.011449109193868936
87124,extrinsic_reward,0.0
87249,intrinsic_reward,0.010405885126907379
87249,extrinsic_reward,0.0
87374,intrinsic_reward,0.01062827103352174
87374,extrinsic_reward,0.0
87499,intrinsic_reward,0.01114410784561187
87499,extrinsic_reward,0.0
87624,intrinsic_reward,0.011038177049253136
87624,extrinsic_reward,0.0
87749,intrinsic_reward,0.010888469209894537
87749,extrinsic_reward,0.0
87874,intrinsic_reward,0.010968380534555762
87874,extrinsic_reward,0.0
87999,intrinsic_reward,0.010524017706047743
87999,extrinsic_reward,0.0
88004,q_loss,0.0022530886441236363
88004,rnd_loss,0.003003213913645595
88124,intrinsic_reward,0.01144282021233812
88124,extrinsic_reward,0.0
88249,intrinsic_reward,0.013198353748768567
88249,extrinsic_reward,0.0
88374,intrinsic_reward,0.011783790073357522
88374,extrinsic_reward,0.03
88499,intrinsic_reward,0.010331377409864216
88499,extrinsic_reward,0.0
88624,intrinsic_reward,0.010474533779546618
88624,extrinsic_reward,0.0
88749,intrinsic_reward,0.0097674108161591
88749,extrinsic_reward,0.0
88874,intrinsic_reward,0.010791646447964013
88874,extrinsic_reward,0.0
88999,intrinsic_reward,0.011686133445240558
88999,extrinsic_reward,0.0
89124,intrinsic_reward,0.010870015119202435
89124,extrinsic_reward,0.01
89249,intrinsic_reward,0.010536642563529312
89249,extrinsic_reward,0.0
89374,intrinsic_reward,0.011351125769782812
89374,extrinsic_reward,0.01
89499,intrinsic_reward,0.01092367642885074
89499,extrinsic_reward,0.0
89624,intrinsic_reward,0.01120504394499585
89624,extrinsic_reward,0.0
89749,intrinsic_reward,0.010799184230621903
89749,extrinsic_reward,0.0
89874,intrinsic_reward,0.012094261721707881
89874,extrinsic_reward,0.0
89999,intrinsic_reward,0.011319943357724696
89999,extrinsic_reward,0.02
90124,intrinsic_reward,0.011387494466733188
90124,extrinsic_reward,0.02
90249,intrinsic_reward,0.012406396746169775
90249,extrinsic_reward,0.0
90374,intrinsic_reward,0.012006815235130489
90374,extrinsic_reward,0.0
90499,intrinsic_reward,0.012726099694613368
90499,extrinsic_reward,0.02
90624,intrinsic_reward,0.01339063542475924
90624,extrinsic_reward,0.0
90749,intrinsic_reward,0.013373265857342631
90749,extrinsic_reward,0.0
90874,intrinsic_reward,0.012965548136737198
90874,extrinsic_reward,0.0
90999,intrinsic_reward,0.01249894486926496
90999,extrinsic_reward,0.0
91124,intrinsic_reward,0.012250249083153903
91124,extrinsic_reward,0.0
91249,intrinsic_reward,0.012642619979567825
91249,extrinsic_reward,0.02
91374,intrinsic_reward,0.012502037984784692
91374,extrinsic_reward,0.0
91499,intrinsic_reward,0.012788741093128919
91499,extrinsic_reward,0.01
91624,intrinsic_reward,0.011008600724861026
91624,extrinsic_reward,0.0
91749,intrinsic_reward,0.010202273385599255
91749,extrinsic_reward,0.0
91874,intrinsic_reward,0.009922959655988961
91874,extrinsic_reward,0.0
91999,intrinsic_reward,0.010211052666883916
91999,extrinsic_reward,0.0
92004,q_loss,0.002291407462711504
92004,rnd_loss,0.002891784156439826
92124,intrinsic_reward,0.010577476380392909
92124,extrinsic_reward,0.0
92249,intrinsic_reward,0.01109413586789742
92249,extrinsic_reward,0.0
92374,intrinsic_reward,0.011570348628330975
92374,extrinsic_reward,0.0
92499,intrinsic_reward,0.012068531121592969
92499,extrinsic_reward,0.0
92624,intrinsic_reward,0.013505546564236283
92624,extrinsic_reward,0.0
92749,intrinsic_reward,0.014754336395300926
92749,extrinsic_reward,0.0
92874,intrinsic_reward,0.014247254498768598
92874,extrinsic_reward,0.0
92999,intrinsic_reward,0.014137953753117471
92999,extrinsic_reward,0.0
93124,intrinsic_reward,0.013918301587924361
93124,extrinsic_reward,0.0
93249,intrinsic_reward,0.01340600600000471
93249,extrinsic_reward,0.0
93374,intrinsic_reward,0.013746446290519089
93374,extrinsic_reward,0.01
93499,intrinsic_reward,0.013839376151561738
93499,extrinsic_reward,0.0
93624,intrinsic_reward,0.011889039298985153
93624,extrinsic_reward,0.0
93749,intrinsic_reward,0.013422634681686758
93749,extrinsic_reward,0.01
93874,intrinsic_reward,0.013824807273223997
93874,extrinsic_reward,0.0
93999,intrinsic_reward,0.013424379259347915
93999,extrinsic_reward,0.0
94124,intrinsic_reward,0.013870473046787082
94124,extrinsic_reward,0.0
94249,intrinsic_reward,0.012772033167537302
94249,extrinsic_reward,0.0
94374,intrinsic_reward,0.012024125900585204
94374,extrinsic_reward,0.0
94499,intrinsic_reward,0.012695550269447266
94499,extrinsic_reward,0.0
94624,intrinsic_reward,0.012058983053546399
94624,extrinsic_reward,0.0
94749,intrinsic_reward,0.012106011890806258
94749,extrinsic_reward,0.0
94874,intrinsic_reward,0.013025943730492144
94874,extrinsic_reward,0.0
94999,intrinsic_reward,0.01282945199450478
94999,extrinsic_reward,0.0
95124,intrinsic_reward,0.012915691897738725
95124,extrinsic_reward,0.0
95249,intrinsic_reward,0.01288959056744352
95249,extrinsic_reward,0.0
95374,intrinsic_reward,0.012295313131995498
95374,extrinsic_reward,0.0
95499,intrinsic_reward,0.012238885689061134
95499,extrinsic_reward,0.0
95624,intrinsic_reward,0.01255250974651426
95624,extrinsic_reward,0.0
95749,intrinsic_reward,0.011993356299120933
95749,extrinsic_reward,0.0
95874,intrinsic_reward,0.012696033732965588
95874,extrinsic_reward,0.0
95999,intrinsic_reward,0.012561838485766202
95999,extrinsic_reward,0.0
96004,q_loss,0.002152308133983752
96004,rnd_loss,0.0028293388907331975
96124,intrinsic_reward,0.012601227812469005
96124,extrinsic_reward,0.01
96249,intrinsic_reward,0.013075106814038008
96249,extrinsic_reward,0.01
96374,intrinsic_reward,0.012532830785494298
96374,extrinsic_reward,0.0
96499,intrinsic_reward,0.012858972933143377
96499,extrinsic_reward,0.0
96624,intrinsic_reward,0.013563290618825705
96624,extrinsic_reward,0.0
96749,intrinsic_reward,0.013533911497332156
96749,extrinsic_reward,0.0
96874,intrinsic_reward,0.0136509755901061
96874,extrinsic_reward,0.0
96999,intrinsic_reward,0.013999479702673852
96999,extrinsic_reward,0.0
97124,intrinsic_reward,0.014342308250255884
97124,extrinsic_reward,0.0
97249,intrinsic_reward,0.013397267103660852
97249,extrinsic_reward,0.0
97374,intrinsic_reward,0.013299067312385887
97374,extrinsic_reward,0.0
97499,intrinsic_reward,0.012623094613663852
97499,extrinsic_reward,0.0
97624,intrinsic_reward,0.01345569030381739
97624,extrinsic_reward,0.0
97749,intrinsic_reward,0.0127294102916494
97749,extrinsic_reward,0.02
97874,intrinsic_reward,0.013115746883675457
97874,extrinsic_reward,0.0
97999,intrinsic_reward,0.012981477910652756
97999,extrinsic_reward,0.0
98124,intrinsic_reward,0.01148694848874584
98124,extrinsic_reward,0.0
98249,intrinsic_reward,0.012126226629596204
98249,extrinsic_reward,0.0
98374,intrinsic_reward,0.013421421078499406
98374,extrinsic_reward,0.0
98499,intrinsic_reward,0.01362367061432451
98499,extrinsic_reward,0.0
98624,intrinsic_reward,0.014147556120995433
98624,extrinsic_reward,0.01
98749,intrinsic_reward,0.014344692347571254
98749,extrinsic_reward,0.02
98874,intrinsic_reward,0.012566441654693335
98874,extrinsic_reward,0.0
98999,intrinsic_reward,0.012761002726852894
98999,extrinsic_reward,0.0
99124,intrinsic_reward,0.012282464127056301
99124,extrinsic_reward,0.0
99249,intrinsic_reward,0.01234495868999511
99249,extrinsic_reward,0.0
99374,intrinsic_reward,0.012140023364219814
99374,extrinsic_reward,0.01
99499,intrinsic_reward,0.012329371253959834
99499,extrinsic_reward,0.0
99624,intrinsic_reward,0.012811053131707013
99624,extrinsic_reward,0.0
99749,intrinsic_reward,0.012712793102487921
99749,extrinsic_reward,0.0
99874,intrinsic_reward,0.012931270649190993
99874,extrinsic_reward,0.0
99999,intrinsic_reward,0.012817677983082832
99999,extrinsic_reward,0.0
99996,q_loss,0.0027925536338144724
99996,rnd_loss,0.0029156055188978573
99899,episode_reward,1.2698412698412698
99899,episode_intrinsic_reward,8.917962933450731
99899,episode_extrinsic_reward,1.2698412698412698
